ts	code	connect_ms	total_ms
18:36:51	000	0.856013	5.006081
18:37:18	000	0.000000	2.006188
18:37:50	000	0.000000	2.006634
18:38:19	000	0.024824	0.046412
