ts	code	connect_ms	total_ms
18:44:45	000	0.042784	5.006290
18:45:11	000	0.000000	2.006731
18:45:43	000	0.000000	2.006824
18:46:11	000	0.024760	0.040988
