ts	code	connect_ms	total_ms
18:44:40	000	0.018289	4.002271
18:44:54	000	0.011618	4.006501
18:45:01	000	0.000000	2.007001
18:45:09	000	0.000000	2.004444
18:45:19	000	0.000000	2.006336
18:45:27	000	0.000000	2.004698
18:45:34	000	0.000000	2.006207
18:45:41	000	0.000000	2.003451
18:45:50	000	1.013945	1.046634
18:45:58	000	0.000000	2.006389
18:46:05	000	0.656250	0.670957
18:46:11	000	0.015711	0.029603
18:46:18	000	0.853884	0.879824
18:46:23	000	0.011699	0.045622
18:46:28	000	0.125322	0.152332
